scenario,strategy,dataset_size,seed,fault_rate,faults_injected,faults_detected,correct,runtime_ms_median,runtime_ms_mean,timing_repeats,commit_sha,python
duplicate_replay,sort_group_comparator,1000,1103,0.001,1,1,1,0.1863,0.193329,7,b2dc5ec9e2fdbe36117d5cbdedca88a973c99679,3.13.14
duplicate_replay,set_control,1000,1103,0.001,1,1,1,0.1353,0.171329,7,b2dc5ec9e2fdbe36117d5cbdedca88a973c99679,3.13.14
null_business_key,explicit_loop_comparator,1000,1103,0.001,1,1,1,0.0597,0.059943,7,b2dc5ec9e2fdbe36117d5cbdedca88a973c99679,3.13.14
null_business_key,kit_control,1000,1103,0.001,1,1,1,0.0624,0.062586,7,b2dc5ec9e2fdbe36117d5cbdedca88a973c99679,3.13.14
partial_recovery,append_replay_comparator,1000,1103,0.001,600,600,0,0.0013,0.001386,7,b2dc5ec9e2fdbe36117d5cbdedca88a973c99679,3.13.14
partial_recovery,idempotent_replay_control,1000,1103,0.001,600,600,1,0.1767,0.215014,7,b2dc5ec9e2fdbe36117d5cbdedca88a973c99679,3.13.14
bounded_recovery,predicate_comparator,1000,1103,0.001,500,500,1,0.0899,0.090514,7,b2dc5ec9e2fdbe36117d5cbdedca88a973c99679,3.13.14
bounded_recovery,kit_control,1000,1103,0.001,500,500,1,0.0876,0.4361,7,b2dc5ec9e2fdbe36117d5cbdedca88a973c99679,3.13.14
duplicate_replay,sort_group_comparator,1000,1103,0.01,10,10,1,0.2073,0.219971,7,b2dc5ec9e2fdbe36117d5cbdedca88a973c99679,3.13.14
duplicate_replay,set_control,1000,1103,0.01,10,10,1,0.1416,0.147786,7,b2dc5ec9e2fdbe36117d5cbdedca88a973c99679,3.13.14
null_business_key,explicit_loop_comparator,1000,1103,0.01,10,10,1,0.059,0.059,7,b2dc5ec9e2fdbe36117d5cbdedca88a973c99679,3.13.14
null_business_key,kit_control,1000,1103,0.01,10,10,1,0.0625,0.062686,7,b2dc5ec9e2fdbe36117d5cbdedca88a973c99679,3.13.14
partial_recovery,append_replay_comparator,1000,1103,0.01,600,600,0,0.0013,0.001371,7,b2dc5ec9e2fdbe36117d5cbdedca88a973c99679,3.13.14
partial_recovery,idempotent_replay_control,1000,1103,0.01,600,600,1,0.1583,0.161586,7,b2dc5ec9e2fdbe36117d5cbdedca88a973c99679,3.13.14
bounded_recovery,predicate_comparator,1000,1103,0.01,500,500,1,0.0858,0.085971,7,b2dc5ec9e2fdbe36117d5cbdedca88a973c99679,3.13.14
bounded_recovery,kit_control,1000,1103,0.01,500,500,1,0.0829,0.082943,7,b2dc5ec9e2fdbe36117d5cbdedca88a973c99679,3.13.14
duplicate_replay,sort_group_comparator,1000,1103,0.05,50,50,1,0.2014,0.204843,7,b2dc5ec9e2fdbe36117d5cbdedca88a973c99679,3.13.14
duplicate_replay,set_control,1000,1103,0.05,50,50,1,0.142,0.147957,7,b2dc5ec9e2fdbe36117d5cbdedca88a973c99679,3.13.14
null_business_key,explicit_loop_comparator,1000,1103,0.05,50,50,1,0.0612,0.061814,7,b2dc5ec9e2fdbe36117d5cbdedca88a973c99679,3.13.14
null_business_key,kit_control,1000,1103,0.05,50,50,1,0.0643,0.064257,7,b2dc5ec9e2fdbe36117d5cbdedca88a973c99679,3.13.14
partial_recovery,append_replay_comparator,1000,1103,0.05,600,600,0,0.0014,0.0016,7,b2dc5ec9e2fdbe36117d5cbdedca88a973c99679,3.13.14
partial_recovery,idempotent_replay_control,1000,1103,0.05,600,600,1,0.1756,0.188,7,b2dc5ec9e2fdbe36117d5cbdedca88a973c99679,3.13.14
bounded_recovery,predicate_comparator,1000,1103,0.05,500,500,1,0.1064,0.110971,7,b2dc5ec9e2fdbe36117d5cbdedca88a973c99679,3.13.14
bounded_recovery,kit_control,1000,1103,0.05,500,500,1,0.0961,0.099614,7,b2dc5ec9e2fdbe36117d5cbdedca88a973c99679,3.13.14
duplicate_replay,sort_group_comparator,1000,1103,0.1,100,100,1,0.2203,0.224471,7,b2dc5ec9e2fdbe36117d5cbdedca88a973c99679,3.13.14
duplicate_replay,set_control,1000,1103,0.1,100,100,1,0.1439,0.1536,7,b2dc5ec9e2fdbe36117d5cbdedca88a973c99679,3.13.14
null_business_key,explicit_loop_comparator,1000,1103,0.1,100,100,1,0.059,0.059143,7,b2dc5ec9e2fdbe36117d5cbdedca88a973c99679,3.13.14
null_business_key,kit_control,1000,1103,0.1,100,100,1,0.0623,0.0623,7,b2dc5ec9e2fdbe36117d5cbdedca88a973c99679,3.13.14
partial_recovery,append_replay_comparator,1000,1103,0.1,600,600,0,0.0014,0.001529,7,b2dc5ec9e2fdbe36117d5cbdedca88a973c99679,3.13.14
partial_recovery,idempotent_replay_control,1000,1103,0.1,600,600,1,0.1622,0.166929,7,b2dc5ec9e2fdbe36117d5cbdedca88a973c99679,3.13.14
bounded_recovery,predicate_comparator,1000,1103,0.1,500,500,1,0.0901,0.090243,7,b2dc5ec9e2fdbe36117d5cbdedca88a973c99679,3.13.14
bounded_recovery,kit_control,1000,1103,0.1,500,500,1,0.087,0.087386,7,b2dc5ec9e2fdbe36117d5cbdedca88a973c99679,3.13.14
duplicate_replay,sort_group_comparator,1000,2207,0.001,1,1,1,0.1956,0.200343,7,b2dc5ec9e2fdbe36117d5cbdedca88a973c99679,3.13.14
duplicate_replay,set_control,1000,2207,0.001,1,1,1,0.1402,0.147014,7,b2dc5ec9e2fdbe36117d5cbdedca88a973c99679,3.13.14
null_business_key,explicit_loop_comparator,1000,2207,0.001,1,1,1,0.0594,0.060243,7,b2dc5ec9e2fdbe36117d5cbdedca88a973c99679,3.13.14
null_business_key,kit_control,1000,2207,0.001,1,1,1,0.0633,0.063886,7,b2dc5ec9e2fdbe36117d5cbdedca88a973c99679,3.13.14
partial_recovery,append_replay_comparator,1000,2207,0.001,600,600,0,0.0015,0.001643,7,b2dc5ec9e2fdbe36117d5cbdedca88a973c99679,3.13.14
partial_recovery,idempotent_replay_control,1000,2207,0.001,600,600,1,0.1665,0.172,7,b2dc5ec9e2fdbe36117d5cbdedca88a973c99679,3.13.14
bounded_recovery,predicate_comparator,1000,2207,0.001,500,500,1,0.1144,0.1169,7,b2dc5ec9e2fdbe36117d5cbdedca88a973c99679,3.13.14
bounded_recovery,kit_control,1000,2207,0.001,500,500,1,0.0859,0.087229,7,b2dc5ec9e2fdbe36117d5cbdedca88a973c99679,3.13.14
duplicate_replay,sort_group_comparator,1000,2207,0.01,10,10,1,0.1944,0.199914,7,b2dc5ec9e2fdbe36117d5cbdedca88a973c99679,3.13.14
duplicate_replay,set_control,1000,2207,0.01,10,10,1,0.1411,0.1477,7,b2dc5ec9e2fdbe36117d5cbdedca88a973c99679,3.13.14
null_business_key,explicit_loop_comparator,1000,2207,0.01,10,10,1,0.059,0.059171,7,b2dc5ec9e2fdbe36117d5cbdedca88a973c99679,3.13.14
null_business_key,kit_control,1000,2207,0.01,10,10,1,0.0632,0.063171,7,b2dc5ec9e2fdbe36117d5cbdedca88a973c99679,3.13.14
partial_recovery,append_replay_comparator,1000,2207,0.01,600,600,0,0.0014,0.001414,7,b2dc5ec9e2fdbe36117d5cbdedca88a973c99679,3.13.14
partial_recovery,idempotent_replay_control,1000,2207,0.01,600,600,1,0.1597,0.163471,7,b2dc5ec9e2fdbe36117d5cbdedca88a973c99679,3.13.14
bounded_recovery,predicate_comparator,1000,2207,0.01,500,500,1,0.0883,0.0884,7,b2dc5ec9e2fdbe36117d5cbdedca88a973c99679,3.13.14
bounded_recovery,kit_control,1000,2207,0.01,500,500,1,0.0846,0.085686,7,b2dc5ec9e2fdbe36117d5cbdedca88a973c99679,3.13.14
duplicate_replay,sort_group_comparator,1000,2207,0.05,50,50,1,0.211,0.213643,7,b2dc5ec9e2fdbe36117d5cbdedca88a973c99679,3.13.14
duplicate_replay,set_control,1000,2207,0.05,50,50,1,0.1446,0.151529,7,b2dc5ec9e2fdbe36117d5cbdedca88a973c99679,3.13.14
null_business_key,explicit_loop_comparator,1000,2207,0.05,50,50,1,0.0591,0.059471,7,b2dc5ec9e2fdbe36117d5cbdedca88a973c99679,3.13.14
null_business_key,kit_control,1000,2207,0.05,50,50,1,0.0627,0.062671,7,b2dc5ec9e2fdbe36117d5cbdedca88a973c99679,3.13.14
partial_recovery,append_replay_comparator,1000,2207,0.05,600,600,0,0.0014,0.001386,7,b2dc5ec9e2fdbe36117d5cbdedca88a973c99679,3.13.14
partial_recovery,idempotent_replay_control,1000,2207,0.05,600,600,1,0.1674,0.170129,7,b2dc5ec9e2fdbe36117d5cbdedca88a973c99679,3.13.14
bounded_recovery,predicate_comparator,1000,2207,0.05,500,500,1,0.0913,0.093757,7,b2dc5ec9e2fdbe36117d5cbdedca88a973c99679,3.13.14
bounded_recovery,kit_control,1000,2207,0.05,500,500,1,0.086,0.087386,7,b2dc5ec9e2fdbe36117d5cbdedca88a973c99679,3.13.14
duplicate_replay,sort_group_comparator,1000,2207,0.1,100,100,1,0.2167,0.226086,7,b2dc5ec9e2fdbe36117d5cbdedca88a973c99679,3.13.14
duplicate_replay,set_control,1000,2207,0.1,100,100,1,0.1457,0.155457,7,b2dc5ec9e2fdbe36117d5cbdedca88a973c99679,3.13.14
null_business_key,explicit_loop_comparator,1000,2207,0.1,100,100,1,0.06,0.060214,7,b2dc5ec9e2fdbe36117d5cbdedca88a973c99679,3.13.14
null_business_key,kit_control,1000,2207,0.1,100,100,1,0.0643,0.064743,7,b2dc5ec9e2fdbe36117d5cbdedca88a973c99679,3.13.14
partial_recovery,append_replay_comparator,1000,2207,0.1,600,600,0,0.0014,0.001443,7,b2dc5ec9e2fdbe36117d5cbdedca88a973c99679,3.13.14
partial_recovery,idempotent_replay_control,1000,2207,0.1,600,600,1,0.16,0.164971,7,b2dc5ec9e2fdbe36117d5cbdedca88a973c99679,3.13.14
bounded_recovery,predicate_comparator,1000,2207,0.1,500,500,1,0.0888,0.088886,7,b2dc5ec9e2fdbe36117d5cbdedca88a973c99679,3.13.14
bounded_recovery,kit_control,1000,2207,0.1,500,500,1,0.0857,0.0858,7,b2dc5ec9e2fdbe36117d5cbdedca88a973c99679,3.13.14
duplicate_replay,sort_group_comparator,1000,3301,0.001,1,1,1,0.1924,0.197143,7,b2dc5ec9e2fdbe36117d5cbdedca88a973c99679,3.13.14
duplicate_replay,set_control,1000,3301,0.001,1,1,1,0.137,0.144714,7,b2dc5ec9e2fdbe36117d5cbdedca88a973c99679,3.13.14
null_business_key,explicit_loop_comparator,1000,3301,0.001,1,1,1,0.0585,0.058814,7,b2dc5ec9e2fdbe36117d5cbdedca88a973c99679,3.13.14
null_business_key,kit_control,1000,3301,0.001,1,1,1,0.0615,0.061486,7,b2dc5ec9e2fdbe36117d5cbdedca88a973c99679,3.13.14
partial_recovery,append_replay_comparator,1000,3301,0.001,600,600,0,0.0013,0.001371,7,b2dc5ec9e2fdbe36117d5cbdedca88a973c99679,3.13.14
partial_recovery,idempotent_replay_control,1000,3301,0.001,600,600,1,0.1602,0.165386,7,b2dc5ec9e2fdbe36117d5cbdedca88a973c99679,3.13.14
bounded_recovery,predicate_comparator,1000,3301,0.001,500,500,1,0.0896,0.090614,7,b2dc5ec9e2fdbe36117d5cbdedca88a973c99679,3.13.14
bounded_recovery,kit_control,1000,3301,0.001,500,500,1,0.0925,0.0904,7,b2dc5ec9e2fdbe36117d5cbdedca88a973c99679,3.13.14
duplicate_replay,sort_group_comparator,1000,3301,0.01,10,10,1,0.2001,0.2037,7,b2dc5ec9e2fdbe36117d5cbdedca88a973c99679,3.13.14
duplicate_replay,set_control,1000,3301,0.01,10,10,1,0.1423,0.147643,7,b2dc5ec9e2fdbe36117d5cbdedca88a973c99679,3.13.14
null_business_key,explicit_loop_comparator,1000,3301,0.01,10,10,1,0.0583,0.058586,7,b2dc5ec9e2fdbe36117d5cbdedca88a973c99679,3.13.14
null_business_key,kit_control,1000,3301,0.01,10,10,1,0.0619,0.062043,7,b2dc5ec9e2fdbe36117d5cbdedca88a973c99679,3.13.14
partial_recovery,append_replay_comparator,1000,3301,0.01,600,600,0,0.0014,0.001414,7,b2dc5ec9e2fdbe36117d5cbdedca88a973c99679,3.13.14
partial_recovery,idempotent_replay_control,1000,3301,0.01,600,600,1,0.1587,0.163186,7,b2dc5ec9e2fdbe36117d5cbdedca88a973c99679,3.13.14
bounded_recovery,predicate_comparator,1000,3301,0.01,500,500,1,0.0889,0.089043,7,b2dc5ec9e2fdbe36117d5cbdedca88a973c99679,3.13.14
bounded_recovery,kit_control,1000,3301,0.01,500,500,1,0.0853,0.085771,7,b2dc5ec9e2fdbe36117d5cbdedca88a973c99679,3.13.14
duplicate_replay,sort_group_comparator,1000,3301,0.05,50,50,1,0.2032,0.207243,7,b2dc5ec9e2fdbe36117d5cbdedca88a973c99679,3.13.14
duplicate_replay,set_control,1000,3301,0.05,50,50,1,0.1443,0.151614,7,b2dc5ec9e2fdbe36117d5cbdedca88a973c99679,3.13.14
null_business_key,explicit_loop_comparator,1000,3301,0.05,50,50,1,0.058,0.0583,7,b2dc5ec9e2fdbe36117d5cbdedca88a973c99679,3.13.14
null_business_key,kit_control,1000,3301,0.05,50,50,1,0.0616,0.062057,7,b2dc5ec9e2fdbe36117d5cbdedca88a973c99679,3.13.14
partial_recovery,append_replay_comparator,1000,3301,0.05,600,600,0,0.0014,0.001386,7,b2dc5ec9e2fdbe36117d5cbdedca88a973c99679,3.13.14
partial_recovery,idempotent_replay_control,1000,3301,0.05,600,600,1,0.1587,0.163043,7,b2dc5ec9e2fdbe36117d5cbdedca88a973c99679,3.13.14
bounded_recovery,predicate_comparator,1000,3301,0.05,500,500,1,0.0883,0.089043,7,b2dc5ec9e2fdbe36117d5cbdedca88a973c99679,3.13.14
bounded_recovery,kit_control,1000,3301,0.05,500,500,1,0.0853,0.0859,7,b2dc5ec9e2fdbe36117d5cbdedca88a973c99679,3.13.14
duplicate_replay,sort_group_comparator,1000,3301,0.1,100,100,1,0.2123,0.218471,7,b2dc5ec9e2fdbe36117d5cbdedca88a973c99679,3.13.14
duplicate_replay,set_control,1000,3301,0.1,100,100,1,0.1456,0.153786,7,b2dc5ec9e2fdbe36117d5cbdedca88a973c99679,3.13.14
null_business_key,explicit_loop_comparator,1000,3301,0.1,100,100,1,0.0591,0.059657,7,b2dc5ec9e2fdbe36117d5cbdedca88a973c99679,3.13.14
null_business_key,kit_control,1000,3301,0.1,100,100,1,0.063,0.063271,7,b2dc5ec9e2fdbe36117d5cbdedca88a973c99679,3.13.14
partial_recovery,append_replay_comparator,1000,3301,0.1,600,600,0,0.0015,0.001471,7,b2dc5ec9e2fdbe36117d5cbdedca88a973c99679,3.13.14
partial_recovery,idempotent_replay_control,1000,3301,0.1,600,600,1,0.1604,0.165229,7,b2dc5ec9e2fdbe36117d5cbdedca88a973c99679,3.13.14
bounded_recovery,predicate_comparator,1000,3301,0.1,500,500,1,0.0894,0.090143,7,b2dc5ec9e2fdbe36117d5cbdedca88a973c99679,3.13.14
bounded_recovery,kit_control,1000,3301,0.1,500,500,1,0.0858,0.0856,7,b2dc5ec9e2fdbe36117d5cbdedca88a973c99679,3.13.14
duplicate_replay,sort_group_comparator,1000,4409,0.001,1,1,1,0.1921,0.195629,7,b2dc5ec9e2fdbe36117d5cbdedca88a973c99679,3.13.14
duplicate_replay,set_control,1000,4409,0.001,1,1,1,0.1358,0.1464,7,b2dc5ec9e2fdbe36117d5cbdedca88a973c99679,3.13.14
null_business_key,explicit_loop_comparator,1000,4409,0.001,1,1,1,0.0583,0.058471,7,b2dc5ec9e2fdbe36117d5cbdedca88a973c99679,3.13.14
null_business_key,kit_control,1000,4409,0.001,1,1,1,0.0624,0.062343,7,b2dc5ec9e2fdbe36117d5cbdedca88a973c99679,3.13.14
partial_recovery,append_replay_comparator,1000,4409,0.001,600,600,0,0.0014,0.001457,7,b2dc5ec9e2fdbe36117d5cbdedca88a973c99679,3.13.14
partial_recovery,idempotent_replay_control,1000,4409,0.001,600,600,1,0.1564,0.163386,7,b2dc5ec9e2fdbe36117d5cbdedca88a973c99679,3.13.14
bounded_recovery,predicate_comparator,1000,4409,0.001,500,500,1,0.0877,0.088371,7,b2dc5ec9e2fdbe36117d5cbdedca88a973c99679,3.13.14
bounded_recovery,kit_control,1000,4409,0.001,500,500,1,0.0843,0.084357,7,b2dc5ec9e2fdbe36117d5cbdedca88a973c99679,3.13.14
duplicate_replay,sort_group_comparator,1000,4409,0.01,10,10,1,0.2075,0.215914,7,b2dc5ec9e2fdbe36117d5cbdedca88a973c99679,3.13.14
duplicate_replay,set_control,1000,4409,0.01,10,10,1,0.1494,0.156229,7,b2dc5ec9e2fdbe36117d5cbdedca88a973c99679,3.13.14
null_business_key,explicit_loop_comparator,1000,4409,0.01,10,10,1,0.0591,0.059386,7,b2dc5ec9e2fdbe36117d5cbdedca88a973c99679,3.13.14
null_business_key,kit_control,1000,4409,0.01,10,10,1,0.0628,0.062929,7,b2dc5ec9e2fdbe36117d5cbdedca88a973c99679,3.13.14
partial_recovery,append_replay_comparator,1000,4409,0.01,600,600,0,0.0014,0.001443,7,b2dc5ec9e2fdbe36117d5cbdedca88a973c99679,3.13.14
partial_recovery,idempotent_replay_control,1000,4409,0.01,600,600,1,0.1607,0.166243,7,b2dc5ec9e2fdbe36117d5cbdedca88a973c99679,3.13.14
bounded_recovery,predicate_comparator,1000,4409,0.01,500,500,1,0.0893,0.089643,7,b2dc5ec9e2fdbe36117d5cbdedca88a973c99679,3.13.14
bounded_recovery,kit_control,1000,4409,0.01,500,500,1,0.0859,0.086586,7,b2dc5ec9e2fdbe36117d5cbdedca88a973c99679,3.13.14
duplicate_replay,sort_group_comparator,1000,4409,0.05,50,50,1,0.2035,0.208071,7,b2dc5ec9e2fdbe36117d5cbdedca88a973c99679,3.13.14
duplicate_replay,set_control,1000,4409,0.05,50,50,1,0.1442,0.150057,7,b2dc5ec9e2fdbe36117d5cbdedca88a973c99679,3.13.14
null_business_key,explicit_loop_comparator,1000,4409,0.05,50,50,1,0.0589,0.059014,7,b2dc5ec9e2fdbe36117d5cbdedca88a973c99679,3.13.14
null_business_key,kit_control,1000,4409,0.05,50,50,1,0.0628,0.064029,7,b2dc5ec9e2fdbe36117d5cbdedca88a973c99679,3.13.14
partial_recovery,append_replay_comparator,1000,4409,0.05,600,600,0,0.0013,0.001371,7,b2dc5ec9e2fdbe36117d5cbdedca88a973c99679,3.13.14
partial_recovery,idempotent_replay_control,1000,4409,0.05,600,600,1,0.1596,0.162871,7,b2dc5ec9e2fdbe36117d5cbdedca88a973c99679,3.13.14
bounded_recovery,predicate_comparator,1000,4409,0.05,500,500,1,0.0884,0.088457,7,b2dc5ec9e2fdbe36117d5cbdedca88a973c99679,3.13.14
bounded_recovery,kit_control,1000,4409,0.05,500,500,1,0.0847,0.086371,7,b2dc5ec9e2fdbe36117d5cbdedca88a973c99679,3.13.14
duplicate_replay,sort_group_comparator,1000,4409,0.1,100,100,1,0.2229,0.224043,7,b2dc5ec9e2fdbe36117d5cbdedca88a973c99679,3.13.14
duplicate_replay,set_control,1000,4409,0.1,100,100,1,0.1526,0.160986,7,b2dc5ec9e2fdbe36117d5cbdedca88a973c99679,3.13.14
null_business_key,explicit_loop_comparator,1000,4409,0.1,100,100,1,0.0597,0.059943,7,b2dc5ec9e2fdbe36117d5cbdedca88a973c99679,3.13.14
null_business_key,kit_control,1000,4409,0.1,100,100,1,0.0635,0.063629,7,b2dc5ec9e2fdbe36117d5cbdedca88a973c99679,3.13.14
partial_recovery,append_replay_comparator,1000,4409,0.1,600,600,0,0.0014,0.001457,7,b2dc5ec9e2fdbe36117d5cbdedca88a973c99679,3.13.14
partial_recovery,idempotent_replay_control,1000,4409,0.1,600,600,1,0.1597,0.164243,7,b2dc5ec9e2fdbe36117d5cbdedca88a973c99679,3.13.14
bounded_recovery,predicate_comparator,1000,4409,0.1,500,500,1,0.0897,0.090129,7,b2dc5ec9e2fdbe36117d5cbdedca88a973c99679,3.13.14
bounded_recovery,kit_control,1000,4409,0.1,500,500,1,0.0865,0.086329,7,b2dc5ec9e2fdbe36117d5cbdedca88a973c99679,3.13.14
duplicate_replay,sort_group_comparator,1000,5501,0.001,1,1,1,0.1993,0.2038,7,b2dc5ec9e2fdbe36117d5cbdedca88a973c99679,3.13.14
duplicate_replay,set_control,1000,5501,0.001,1,1,1,0.1606,0.162414,7,b2dc5ec9e2fdbe36117d5cbdedca88a973c99679,3.13.14
null_business_key,explicit_loop_comparator,1000,5501,0.001,1,1,1,0.0594,0.059843,7,b2dc5ec9e2fdbe36117d5cbdedca88a973c99679,3.13.14
null_business_key,kit_control,1000,5501,0.001,1,1,1,0.0644,0.065129,7,b2dc5ec9e2fdbe36117d5cbdedca88a973c99679,3.13.14
partial_recovery,append_replay_comparator,1000,5501,0.001,600,600,0,0.0014,0.0014,7,b2dc5ec9e2fdbe36117d5cbdedca88a973c99679,3.13.14
partial_recovery,idempotent_replay_control,1000,5501,0.001,600,600,1,0.1792,0.184686,7,b2dc5ec9e2fdbe36117d5cbdedca88a973c99679,3.13.14
bounded_recovery,predicate_comparator,1000,5501,0.001,500,500,1,0.0926,0.0933,7,b2dc5ec9e2fdbe36117d5cbdedca88a973c99679,3.13.14
bounded_recovery,kit_control,1000,5501,0.001,500,500,1,0.0883,0.088257,7,b2dc5ec9e2fdbe36117d5cbdedca88a973c99679,3.13.14
duplicate_replay,sort_group_comparator,1000,5501,0.01,10,10,1,0.1976,0.212114,7,b2dc5ec9e2fdbe36117d5cbdedca88a973c99679,3.13.14
duplicate_replay,set_control,1000,5501,0.01,10,10,1,0.1634,0.178486,7,b2dc5ec9e2fdbe36117d5cbdedca88a973c99679,3.13.14
null_business_key,explicit_loop_comparator,1000,5501,0.01,10,10,1,0.0605,0.060971,7,b2dc5ec9e2fdbe36117d5cbdedca88a973c99679,3.13.14
null_business_key,kit_control,1000,5501,0.01,10,10,1,0.0639,0.065386,7,b2dc5ec9e2fdbe36117d5cbdedca88a973c99679,3.13.14
partial_recovery,append_replay_comparator,1000,5501,0.01,600,600,0,0.0015,0.001914,7,b2dc5ec9e2fdbe36117d5cbdedca88a973c99679,3.13.14
partial_recovery,idempotent_replay_control,1000,5501,0.01,600,600,1,0.1629,0.1736,7,b2dc5ec9e2fdbe36117d5cbdedca88a973c99679,3.13.14
bounded_recovery,predicate_comparator,1000,5501,0.01,500,500,1,0.0896,0.090829,7,b2dc5ec9e2fdbe36117d5cbdedca88a973c99679,3.13.14
bounded_recovery,kit_control,1000,5501,0.01,500,500,1,0.0864,0.086329,7,b2dc5ec9e2fdbe36117d5cbdedca88a973c99679,3.13.14
duplicate_replay,sort_group_comparator,1000,5501,0.05,50,50,1,0.2084,0.212843,7,b2dc5ec9e2fdbe36117d5cbdedca88a973c99679,3.13.14
duplicate_replay,set_control,1000,5501,0.05,50,50,1,0.1439,0.152171,7,b2dc5ec9e2fdbe36117d5cbdedca88a973c99679,3.13.14
null_business_key,explicit_loop_comparator,1000,5501,0.05,50,50,1,0.0603,0.061257,7,b2dc5ec9e2fdbe36117d5cbdedca88a973c99679,3.13.14
null_business_key,kit_control,1000,5501,0.05,50,50,1,0.0642,0.065057,7,b2dc5ec9e2fdbe36117d5cbdedca88a973c99679,3.13.14
partial_recovery,append_replay_comparator,1000,5501,0.05,600,600,0,0.0014,0.001429,7,b2dc5ec9e2fdbe36117d5cbdedca88a973c99679,3.13.14
partial_recovery,idempotent_replay_control,1000,5501,0.05,600,600,1,0.162,0.170743,7,b2dc5ec9e2fdbe36117d5cbdedca88a973c99679,3.13.14
bounded_recovery,predicate_comparator,1000,5501,0.05,500,500,1,0.0893,0.090171,7,b2dc5ec9e2fdbe36117d5cbdedca88a973c99679,3.13.14
bounded_recovery,kit_control,1000,5501,0.05,500,500,1,0.0851,0.085229,7,b2dc5ec9e2fdbe36117d5cbdedca88a973c99679,3.13.14
duplicate_replay,sort_group_comparator,1000,5501,0.1,100,100,1,0.2153,0.218186,7,b2dc5ec9e2fdbe36117d5cbdedca88a973c99679,3.13.14
duplicate_replay,set_control,1000,5501,0.1,100,100,1,0.1582,0.157571,7,b2dc5ec9e2fdbe36117d5cbdedca88a973c99679,3.13.14
null_business_key,explicit_loop_comparator,1000,5501,0.1,100,100,1,0.0607,0.062214,7,b2dc5ec9e2fdbe36117d5cbdedca88a973c99679,3.13.14
null_business_key,kit_control,1000,5501,0.1,100,100,1,0.0647,0.064971,7,b2dc5ec9e2fdbe36117d5cbdedca88a973c99679,3.13.14
partial_recovery,append_replay_comparator,1000,5501,0.1,600,600,0,0.0014,0.001471,7,b2dc5ec9e2fdbe36117d5cbdedca88a973c99679,3.13.14
partial_recovery,idempotent_replay_control,1000,5501,0.1,600,600,1,0.1644,0.171486,7,b2dc5ec9e2fdbe36117d5cbdedca88a973c99679,3.13.14
bounded_recovery,predicate_comparator,1000,5501,0.1,500,500,1,0.09,0.090086,7,b2dc5ec9e2fdbe36117d5cbdedca88a973c99679,3.13.14
bounded_recovery,kit_control,1000,5501,0.1,500,500,1,0.0866,0.086429,7,b2dc5ec9e2fdbe36117d5cbdedca88a973c99679,3.13.14
duplicate_replay,sort_group_comparator,10000,1103,0.001,10,10,1,2.991,3.1441,7,b2dc5ec9e2fdbe36117d5cbdedca88a973c99679,3.13.14
duplicate_replay,set_control,10000,1103,0.001,10,10,1,2.2999,2.362943,7,b2dc5ec9e2fdbe36117d5cbdedca88a973c99679,3.13.14
null_business_key,explicit_loop_comparator,10000,1103,0.001,10,10,1,0.5959,0.593686,7,b2dc5ec9e2fdbe36117d5cbdedca88a973c99679,3.13.14
null_business_key,kit_control,10000,1103,0.001,10,10,1,0.6615,0.6698,7,b2dc5ec9e2fdbe36117d5cbdedca88a973c99679,3.13.14
partial_recovery,append_replay_comparator,10000,1103,0.001,6000,6000,0,0.0154,0.025086,7,b2dc5ec9e2fdbe36117d5cbdedca88a973c99679,3.13.14
partial_recovery,idempotent_replay_control,10000,1103,0.001,6000,6000,1,2.3008,2.666014,7,b2dc5ec9e2fdbe36117d5cbdedca88a973c99679,3.13.14
bounded_recovery,predicate_comparator,10000,1103,0.001,5000,5000,1,0.8728,0.874271,7,b2dc5ec9e2fdbe36117d5cbdedca88a973c99679,3.13.14
bounded_recovery,kit_control,10000,1103,0.001,5000,5000,1,0.8566,0.890829,7,b2dc5ec9e2fdbe36117d5cbdedca88a973c99679,3.13.14
duplicate_replay,sort_group_comparator,10000,1103,0.01,100,100,1,2.7207,2.903671,7,b2dc5ec9e2fdbe36117d5cbdedca88a973c99679,3.13.14
duplicate_replay,set_control,10000,1103,0.01,100,100,1,2.4249,2.357,7,b2dc5ec9e2fdbe36117d5cbdedca88a973c99679,3.13.14
null_business_key,explicit_loop_comparator,10000,1103,0.01,100,100,1,0.5893,0.592086,7,b2dc5ec9e2fdbe36117d5cbdedca88a973c99679,3.13.14
null_business_key,kit_control,10000,1103,0.01,100,100,1,0.6546,0.654943,7,b2dc5ec9e2fdbe36117d5cbdedca88a973c99679,3.13.14
partial_recovery,append_replay_comparator,10000,1103,0.01,6000,6000,0,0.0141,0.023929,7,b2dc5ec9e2fdbe36117d5cbdedca88a973c99679,3.13.14
partial_recovery,idempotent_replay_control,10000,1103,0.01,6000,6000,1,2.01,2.240171,7,b2dc5ec9e2fdbe36117d5cbdedca88a973c99679,3.13.14
bounded_recovery,predicate_comparator,10000,1103,0.01,5000,5000,1,0.8994,0.903457,7,b2dc5ec9e2fdbe36117d5cbdedca88a973c99679,3.13.14
bounded_recovery,kit_control,10000,1103,0.01,5000,5000,1,0.8393,0.878743,7,b2dc5ec9e2fdbe36117d5cbdedca88a973c99679,3.13.14
duplicate_replay,sort_group_comparator,10000,1103,0.05,500,500,1,2.8354,2.924786,7,b2dc5ec9e2fdbe36117d5cbdedca88a973c99679,3.13.14
duplicate_replay,set_control,10000,1103,0.05,500,500,1,2.0776,2.254329,7,b2dc5ec9e2fdbe36117d5cbdedca88a973c99679,3.13.14
null_business_key,explicit_loop_comparator,10000,1103,0.05,500,500,1,0.6015,0.609,7,b2dc5ec9e2fdbe36117d5cbdedca88a973c99679,3.13.14
null_business_key,kit_control,10000,1103,0.05,500,500,1,0.6514,0.651714,7,b2dc5ec9e2fdbe36117d5cbdedca88a973c99679,3.13.14
partial_recovery,append_replay_comparator,10000,1103,0.05,6000,6000,0,0.0147,0.022014,7,b2dc5ec9e2fdbe36117d5cbdedca88a973c99679,3.13.14
partial_recovery,idempotent_replay_control,10000,1103,0.05,6000,6000,1,2.2726,2.264986,7,b2dc5ec9e2fdbe36117d5cbdedca88a973c99679,3.13.14
bounded_recovery,predicate_comparator,10000,1103,0.05,5000,5000,1,0.8531,0.875157,7,b2dc5ec9e2fdbe36117d5cbdedca88a973c99679,3.13.14
bounded_recovery,kit_control,10000,1103,0.05,5000,5000,1,0.8395,0.898186,7,b2dc5ec9e2fdbe36117d5cbdedca88a973c99679,3.13.14
duplicate_replay,sort_group_comparator,10000,1103,0.1,1000,1000,1,3.0369,3.084071,7,b2dc5ec9e2fdbe36117d5cbdedca88a973c99679,3.13.14
duplicate_replay,set_control,10000,1103,0.1,1000,1000,1,2.2563,2.3978,7,b2dc5ec9e2fdbe36117d5cbdedca88a973c99679,3.13.14
null_business_key,explicit_loop_comparator,10000,1103,0.1,1000,1000,1,0.623,0.620914,7,b2dc5ec9e2fdbe36117d5cbdedca88a973c99679,3.13.14
null_business_key,kit_control,10000,1103,0.1,1000,1000,1,0.669,0.670486,7,b2dc5ec9e2fdbe36117d5cbdedca88a973c99679,3.13.14
partial_recovery,append_replay_comparator,10000,1103,0.1,6000,6000,0,0.0146,0.023757,7,b2dc5ec9e2fdbe36117d5cbdedca88a973c99679,3.13.14
partial_recovery,idempotent_replay_control,10000,1103,0.1,6000,6000,1,2.096,2.174014,7,b2dc5ec9e2fdbe36117d5cbdedca88a973c99679,3.13.14
bounded_recovery,predicate_comparator,10000,1103,0.1,5000,5000,1,0.8928,0.893729,7,b2dc5ec9e2fdbe36117d5cbdedca88a973c99679,3.13.14
bounded_recovery,kit_control,10000,1103,0.1,5000,5000,1,0.8527,0.907543,7,b2dc5ec9e2fdbe36117d5cbdedca88a973c99679,3.13.14
duplicate_replay,sort_group_comparator,10000,2207,0.001,10,10,1,2.7389,2.846271,7,b2dc5ec9e2fdbe36117d5cbdedca88a973c99679,3.13.14
duplicate_replay,set_control,10000,2207,0.001,10,10,1,2.1565,2.183129,7,b2dc5ec9e2fdbe36117d5cbdedca88a973c99679,3.13.14
null_business_key,explicit_loop_comparator,10000,2207,0.001,10,10,1,0.5908,0.590414,7,b2dc5ec9e2fdbe36117d5cbdedca88a973c99679,3.13.14
null_business_key,kit_control,10000,2207,0.001,10,10,1,0.6723,0.670429,7,b2dc5ec9e2fdbe36117d5cbdedca88a973c99679,3.13.14
partial_recovery,append_replay_comparator,10000,2207,0.001,6000,6000,0,0.0152,0.0242,7,b2dc5ec9e2fdbe36117d5cbdedca88a973c99679,3.13.14
partial_recovery,idempotent_replay_control,10000,2207,0.001,6000,6000,1,2.1121,2.1789,7,b2dc5ec9e2fdbe36117d5cbdedca88a973c99679,3.13.14
bounded_recovery,predicate_comparator,10000,2207,0.001,5000,5000,1,0.9028,0.914314,7,b2dc5ec9e2fdbe36117d5cbdedca88a973c99679,3.13.14
bounded_recovery,kit_control,10000,2207,0.001,5000,5000,1,0.8528,0.886871,7,b2dc5ec9e2fdbe36117d5cbdedca88a973c99679,3.13.14
duplicate_replay,sort_group_comparator,10000,2207,0.01,100,100,1,2.8808,2.904843,7,b2dc5ec9e2fdbe36117d5cbdedca88a973c99679,3.13.14
duplicate_replay,set_control,10000,2207,0.01,100,100,1,2.5391,2.795443,7,b2dc5ec9e2fdbe36117d5cbdedca88a973c99679,3.13.14
null_business_key,explicit_loop_comparator,10000,2207,0.01,100,100,1,0.5957,0.597114,7,b2dc5ec9e2fdbe36117d5cbdedca88a973c99679,3.13.14
null_business_key,kit_control,10000,2207,0.01,100,100,1,0.6436,0.647943,7,b2dc5ec9e2fdbe36117d5cbdedca88a973c99679,3.13.14
partial_recovery,append_replay_comparator,10000,2207,0.01,6000,6000,0,0.0143,0.0215,7,b2dc5ec9e2fdbe36117d5cbdedca88a973c99679,3.13.14
partial_recovery,idempotent_replay_control,10000,2207,0.01,6000,6000,1,2.1356,2.202543,7,b2dc5ec9e2fdbe36117d5cbdedca88a973c99679,3.13.14
bounded_recovery,predicate_comparator,10000,2207,0.01,5000,5000,1,0.8816,0.896643,7,b2dc5ec9e2fdbe36117d5cbdedca88a973c99679,3.13.14
bounded_recovery,kit_control,10000,2207,0.01,5000,5000,1,0.8331,0.8378,7,b2dc5ec9e2fdbe36117d5cbdedca88a973c99679,3.13.14
duplicate_replay,sort_group_comparator,10000,2207,0.05,500,500,1,2.8695,2.981057,7,b2dc5ec9e2fdbe36117d5cbdedca88a973c99679,3.13.14
duplicate_replay,set_control,10000,2207,0.05,500,500,1,2.2562,2.4112,7,b2dc5ec9e2fdbe36117d5cbdedca88a973c99679,3.13.14
null_business_key,explicit_loop_comparator,10000,2207,0.05,500,500,1,0.6043,0.608257,7,b2dc5ec9e2fdbe36117d5cbdedca88a973c99679,3.13.14
null_business_key,kit_control,10000,2207,0.05,500,500,1,0.6478,0.650129,7,b2dc5ec9e2fdbe36117d5cbdedca88a973c99679,3.13.14
partial_recovery,append_replay_comparator,10000,2207,0.05,6000,6000,0,0.0141,0.028586,7,b2dc5ec9e2fdbe36117d5cbdedca88a973c99679,3.13.14
partial_recovery,idempotent_replay_control,10000,2207,0.05,6000,6000,1,2.2949,2.321629,7,b2dc5ec9e2fdbe36117d5cbdedca88a973c99679,3.13.14
bounded_recovery,predicate_comparator,10000,2207,0.05,5000,5000,1,0.8989,0.909514,7,b2dc5ec9e2fdbe36117d5cbdedca88a973c99679,3.13.14
bounded_recovery,kit_control,10000,2207,0.05,5000,5000,1,0.8391,0.841257,7,b2dc5ec9e2fdbe36117d5cbdedca88a973c99679,3.13.14
duplicate_replay,sort_group_comparator,10000,2207,0.1,1000,1000,1,3.0565,3.262286,7,b2dc5ec9e2fdbe36117d5cbdedca88a973c99679,3.13.14
duplicate_replay,set_control,10000,2207,0.1,1000,1000,1,2.6968,2.593043,7,b2dc5ec9e2fdbe36117d5cbdedca88a973c99679,3.13.14
null_business_key,explicit_loop_comparator,10000,2207,0.1,1000,1000,1,0.6131,0.616943,7,b2dc5ec9e2fdbe36117d5cbdedca88a973c99679,3.13.14
null_business_key,kit_control,10000,2207,0.1,1000,1000,1,0.6546,0.880943,7,b2dc5ec9e2fdbe36117d5cbdedca88a973c99679,3.13.14
partial_recovery,append_replay_comparator,10000,2207,0.1,6000,6000,0,0.0139,0.021543,7,b2dc5ec9e2fdbe36117d5cbdedca88a973c99679,3.13.14
partial_recovery,idempotent_replay_control,10000,2207,0.1,6000,6000,1,2.1254,2.217443,7,b2dc5ec9e2fdbe36117d5cbdedca88a973c99679,3.13.14
bounded_recovery,predicate_comparator,10000,2207,0.1,5000,5000,1,0.8641,0.874871,7,b2dc5ec9e2fdbe36117d5cbdedca88a973c99679,3.13.14
bounded_recovery,kit_control,10000,2207,0.1,5000,5000,1,0.8184,0.8211,7,b2dc5ec9e2fdbe36117d5cbdedca88a973c99679,3.13.14
duplicate_replay,sort_group_comparator,10000,3301,0.001,10,10,1,2.8581,2.931657,7,b2dc5ec9e2fdbe36117d5cbdedca88a973c99679,3.13.14
duplicate_replay,set_control,10000,3301,0.001,10,10,1,2.162,2.144929,7,b2dc5ec9e2fdbe36117d5cbdedca88a973c99679,3.13.14
null_business_key,explicit_loop_comparator,10000,3301,0.001,10,10,1,0.5848,0.587086,7,b2dc5ec9e2fdbe36117d5cbdedca88a973c99679,3.13.14
null_business_key,kit_control,10000,3301,0.001,10,10,1,0.6462,0.651114,7,b2dc5ec9e2fdbe36117d5cbdedca88a973c99679,3.13.14
partial_recovery,append_replay_comparator,10000,3301,0.001,6000,6000,0,0.0139,0.0216,7,b2dc5ec9e2fdbe36117d5cbdedca88a973c99679,3.13.14
partial_recovery,idempotent_replay_control,10000,3301,0.001,6000,6000,1,2.1712,2.199343,7,b2dc5ec9e2fdbe36117d5cbdedca88a973c99679,3.13.14
bounded_recovery,predicate_comparator,10000,3301,0.001,5000,5000,1,0.8227,0.828086,7,b2dc5ec9e2fdbe36117d5cbdedca88a973c99679,3.13.14
bounded_recovery,kit_control,10000,3301,0.001,5000,5000,1,0.8209,0.821529,7,b2dc5ec9e2fdbe36117d5cbdedca88a973c99679,3.13.14
duplicate_replay,sort_group_comparator,10000,3301,0.01,100,100,1,2.6902,2.885729,7,b2dc5ec9e2fdbe36117d5cbdedca88a973c99679,3.13.14
duplicate_replay,set_control,10000,3301,0.01,100,100,1,2.0986,2.214143,7,b2dc5ec9e2fdbe36117d5cbdedca88a973c99679,3.13.14
null_business_key,explicit_loop_comparator,10000,3301,0.01,100,100,1,0.5813,0.592229,7,b2dc5ec9e2fdbe36117d5cbdedca88a973c99679,3.13.14
null_business_key,kit_control,10000,3301,0.01,100,100,1,0.6524,0.653071,7,b2dc5ec9e2fdbe36117d5cbdedca88a973c99679,3.13.14
partial_recovery,append_replay_comparator,10000,3301,0.01,6000,6000,0,0.0139,0.021114,7,b2dc5ec9e2fdbe36117d5cbdedca88a973c99679,3.13.14
partial_recovery,idempotent_replay_control,10000,3301,0.01,6000,6000,1,2.1885,2.237971,7,b2dc5ec9e2fdbe36117d5cbdedca88a973c99679,3.13.14
bounded_recovery,predicate_comparator,10000,3301,0.01,5000,5000,1,0.8726,0.870443,7,b2dc5ec9e2fdbe36117d5cbdedca88a973c99679,3.13.14
bounded_recovery,kit_control,10000,3301,0.01,5000,5000,1,0.8089,0.820486,7,b2dc5ec9e2fdbe36117d5cbdedca88a973c99679,3.13.14
duplicate_replay,sort_group_comparator,10000,3301,0.05,500,500,1,2.8261,2.920629,7,b2dc5ec9e2fdbe36117d5cbdedca88a973c99679,3.13.14
duplicate_replay,set_control,10000,3301,0.05,500,500,1,2.1858,2.392043,7,b2dc5ec9e2fdbe36117d5cbdedca88a973c99679,3.13.14
null_business_key,explicit_loop_comparator,10000,3301,0.05,500,500,1,0.6013,0.608929,7,b2dc5ec9e2fdbe36117d5cbdedca88a973c99679,3.13.14
null_business_key,kit_control,10000,3301,0.05,500,500,1,0.6422,0.6438,7,b2dc5ec9e2fdbe36117d5cbdedca88a973c99679,3.13.14
partial_recovery,append_replay_comparator,10000,3301,0.05,6000,6000,0,0.014,0.021586,7,b2dc5ec9e2fdbe36117d5cbdedca88a973c99679,3.13.14
partial_recovery,idempotent_replay_control,10000,3301,0.05,6000,6000,1,2.2896,2.379843,7,b2dc5ec9e2fdbe36117d5cbdedca88a973c99679,3.13.14
bounded_recovery,predicate_comparator,10000,3301,0.05,5000,5000,1,0.8628,0.867243,7,b2dc5ec9e2fdbe36117d5cbdedca88a973c99679,3.13.14
bounded_recovery,kit_control,10000,3301,0.05,5000,5000,1,0.816,0.820486,7,b2dc5ec9e2fdbe36117d5cbdedca88a973c99679,3.13.14
duplicate_replay,sort_group_comparator,10000,3301,0.1,1000,1000,1,3.1335,3.158686,7,b2dc5ec9e2fdbe36117d5cbdedca88a973c99679,3.13.14
duplicate_replay,set_control,10000,3301,0.1,1000,1000,1,2.2476,2.341486,7,b2dc5ec9e2fdbe36117d5cbdedca88a973c99679,3.13.14
null_business_key,explicit_loop_comparator,10000,3301,0.1,1000,1000,1,0.613,0.611329,7,b2dc5ec9e2fdbe36117d5cbdedca88a973c99679,3.13.14
null_business_key,kit_control,10000,3301,0.1,1000,1000,1,0.642,0.648857,7,b2dc5ec9e2fdbe36117d5cbdedca88a973c99679,3.13.14
partial_recovery,append_replay_comparator,10000,3301,0.1,6000,6000,0,0.0156,0.024043,7,b2dc5ec9e2fdbe36117d5cbdedca88a973c99679,3.13.14
partial_recovery,idempotent_replay_control,10000,3301,0.1,6000,6000,1,2.2186,2.267843,7,b2dc5ec9e2fdbe36117d5cbdedca88a973c99679,3.13.14
bounded_recovery,predicate_comparator,10000,3301,0.1,5000,5000,1,0.8426,0.853314,7,b2dc5ec9e2fdbe36117d5cbdedca88a973c99679,3.13.14
bounded_recovery,kit_control,10000,3301,0.1,5000,5000,1,0.8376,0.849543,7,b2dc5ec9e2fdbe36117d5cbdedca88a973c99679,3.13.14
duplicate_replay,sort_group_comparator,10000,4409,0.001,10,10,1,2.6916,2.805757,7,b2dc5ec9e2fdbe36117d5cbdedca88a973c99679,3.13.14
duplicate_replay,set_control,10000,4409,0.001,10,10,1,2.3123,2.235371,7,b2dc5ec9e2fdbe36117d5cbdedca88a973c99679,3.13.14
null_business_key,explicit_loop_comparator,10000,4409,0.001,10,10,1,0.5577,0.706271,7,b2dc5ec9e2fdbe36117d5cbdedca88a973c99679,3.13.14
null_business_key,kit_control,10000,4409,0.001,10,10,1,0.6365,0.643514,7,b2dc5ec9e2fdbe36117d5cbdedca88a973c99679,3.13.14
partial_recovery,append_replay_comparator,10000,4409,0.001,6000,6000,0,0.0164,0.024186,7,b2dc5ec9e2fdbe36117d5cbdedca88a973c99679,3.13.14
partial_recovery,idempotent_replay_control,10000,4409,0.001,6000,6000,1,2.1853,2.1891,7,b2dc5ec9e2fdbe36117d5cbdedca88a973c99679,3.13.14
bounded_recovery,predicate_comparator,10000,4409,0.001,5000,5000,1,0.8784,0.893229,7,b2dc5ec9e2fdbe36117d5cbdedca88a973c99679,3.13.14
bounded_recovery,kit_control,10000,4409,0.001,5000,5000,1,0.8369,0.842671,7,b2dc5ec9e2fdbe36117d5cbdedca88a973c99679,3.13.14
duplicate_replay,sort_group_comparator,10000,4409,0.01,100,100,1,3.1302,3.081943,7,b2dc5ec9e2fdbe36117d5cbdedca88a973c99679,3.13.14
duplicate_replay,set_control,10000,4409,0.01,100,100,1,1.9953,2.2847,7,b2dc5ec9e2fdbe36117d5cbdedca88a973c99679,3.13.14
null_business_key,explicit_loop_comparator,10000,4409,0.01,100,100,1,0.5699,0.569757,7,b2dc5ec9e2fdbe36117d5cbdedca88a973c99679,3.13.14
null_business_key,kit_control,10000,4409,0.01,100,100,1,0.6689,0.668929,7,b2dc5ec9e2fdbe36117d5cbdedca88a973c99679,3.13.14
partial_recovery,append_replay_comparator,10000,4409,0.01,6000,6000,0,0.0144,0.021257,7,b2dc5ec9e2fdbe36117d5cbdedca88a973c99679,3.13.14
partial_recovery,idempotent_replay_control,10000,4409,0.01,6000,6000,1,2.2362,2.214429,7,b2dc5ec9e2fdbe36117d5cbdedca88a973c99679,3.13.14
bounded_recovery,predicate_comparator,10000,4409,0.01,5000,5000,1,0.9174,0.923157,7,b2dc5ec9e2fdbe36117d5cbdedca88a973c99679,3.13.14
bounded_recovery,kit_control,10000,4409,0.01,5000,5000,1,0.8677,0.8688,7,b2dc5ec9e2fdbe36117d5cbdedca88a973c99679,3.13.14
duplicate_replay,sort_group_comparator,10000,4409,0.05,500,500,1,2.9967,3.014471,7,b2dc5ec9e2fdbe36117d5cbdedca88a973c99679,3.13.14
duplicate_replay,set_control,10000,4409,0.05,500,500,1,2.0908,2.1792,7,b2dc5ec9e2fdbe36117d5cbdedca88a973c99679,3.13.14
null_business_key,explicit_loop_comparator,10000,4409,0.05,500,500,1,0.5937,0.5913,7,b2dc5ec9e2fdbe36117d5cbdedca88a973c99679,3.13.14
null_business_key,kit_control,10000,4409,0.05,500,500,1,0.676,0.676243,7,b2dc5ec9e2fdbe36117d5cbdedca88a973c99679,3.13.14
partial_recovery,append_replay_comparator,10000,4409,0.05,6000,6000,0,0.0146,0.021957,7,b2dc5ec9e2fdbe36117d5cbdedca88a973c99679,3.13.14
partial_recovery,idempotent_replay_control,10000,4409,0.05,6000,6000,1,2.2013,2.227786,7,b2dc5ec9e2fdbe36117d5cbdedca88a973c99679,3.13.14
bounded_recovery,predicate_comparator,10000,4409,0.05,5000,5000,1,0.8517,0.861429,7,b2dc5ec9e2fdbe36117d5cbdedca88a973c99679,3.13.14
bounded_recovery,kit_control,10000,4409,0.05,5000,5000,1,0.8439,0.852414,7,b2dc5ec9e2fdbe36117d5cbdedca88a973c99679,3.13.14
duplicate_replay,sort_group_comparator,10000,4409,0.1,1000,1000,1,3.1507,3.2238,7,b2dc5ec9e2fdbe36117d5cbdedca88a973c99679,3.13.14
duplicate_replay,set_control,10000,4409,0.1,1000,1000,1,2.5403,2.4436,7,b2dc5ec9e2fdbe36117d5cbdedca88a973c99679,3.13.14
null_business_key,explicit_loop_comparator,10000,4409,0.1,1000,1000,1,0.604,0.616571,7,b2dc5ec9e2fdbe36117d5cbdedca88a973c99679,3.13.14
null_business_key,kit_control,10000,4409,0.1,1000,1000,1,0.7023,0.709557,7,b2dc5ec9e2fdbe36117d5cbdedca88a973c99679,3.13.14
partial_recovery,append_replay_comparator,10000,4409,0.1,6000,6000,0,0.0158,0.024857,7,b2dc5ec9e2fdbe36117d5cbdedca88a973c99679,3.13.14
partial_recovery,idempotent_replay_control,10000,4409,0.1,6000,6000,1,2.339,2.364943,7,b2dc5ec9e2fdbe36117d5cbdedca88a973c99679,3.13.14
bounded_recovery,predicate_comparator,10000,4409,0.1,5000,5000,1,0.8555,0.860043,7,b2dc5ec9e2fdbe36117d5cbdedca88a973c99679,3.13.14
bounded_recovery,kit_control,10000,4409,0.1,5000,5000,1,0.8578,0.869371,7,b2dc5ec9e2fdbe36117d5cbdedca88a973c99679,3.13.14
duplicate_replay,sort_group_comparator,10000,5501,0.001,10,10,1,3.1224,3.312886,7,b2dc5ec9e2fdbe36117d5cbdedca88a973c99679,3.13.14
duplicate_replay,set_control,10000,5501,0.001,10,10,1,1.9742,2.101243,7,b2dc5ec9e2fdbe36117d5cbdedca88a973c99679,3.13.14
null_business_key,explicit_loop_comparator,10000,5501,0.001,10,10,1,0.5593,0.563443,7,b2dc5ec9e2fdbe36117d5cbdedca88a973c99679,3.13.14
null_business_key,kit_control,10000,5501,0.001,10,10,1,0.6764,0.678371,7,b2dc5ec9e2fdbe36117d5cbdedca88a973c99679,3.13.14
partial_recovery,append_replay_comparator,10000,5501,0.001,6000,6000,0,0.0145,0.022557,7,b2dc5ec9e2fdbe36117d5cbdedca88a973c99679,3.13.14
partial_recovery,idempotent_replay_control,10000,5501,0.001,6000,6000,1,2.1998,2.238657,7,b2dc5ec9e2fdbe36117d5cbdedca88a973c99679,3.13.14
bounded_recovery,predicate_comparator,10000,5501,0.001,5000,5000,1,0.8503,0.861157,7,b2dc5ec9e2fdbe36117d5cbdedca88a973c99679,3.13.14
bounded_recovery,kit_control,10000,5501,0.001,5000,5000,1,0.83,0.842586,7,b2dc5ec9e2fdbe36117d5cbdedca88a973c99679,3.13.14
duplicate_replay,sort_group_comparator,10000,5501,0.01,100,100,1,2.6885,2.820043,7,b2dc5ec9e2fdbe36117d5cbdedca88a973c99679,3.13.14
duplicate_replay,set_control,10000,5501,0.01,100,100,1,2.0401,2.308586,7,b2dc5ec9e2fdbe36117d5cbdedca88a973c99679,3.13.14
null_business_key,explicit_loop_comparator,10000,5501,0.01,100,100,1,0.5706,0.572243,7,b2dc5ec9e2fdbe36117d5cbdedca88a973c99679,3.13.14
null_business_key,kit_control,10000,5501,0.01,100,100,1,0.666,0.665586,7,b2dc5ec9e2fdbe36117d5cbdedca88a973c99679,3.13.14
partial_recovery,append_replay_comparator,10000,5501,0.01,6000,6000,0,0.0147,0.021771,7,b2dc5ec9e2fdbe36117d5cbdedca88a973c99679,3.13.14
partial_recovery,idempotent_replay_control,10000,5501,0.01,6000,6000,1,2.0763,2.157443,7,b2dc5ec9e2fdbe36117d5cbdedca88a973c99679,3.13.14
bounded_recovery,predicate_comparator,10000,5501,0.01,5000,5000,1,0.8966,0.900214,7,b2dc5ec9e2fdbe36117d5cbdedca88a973c99679,3.13.14
bounded_recovery,kit_control,10000,5501,0.01,5000,5000,1,0.8427,0.839514,7,b2dc5ec9e2fdbe36117d5cbdedca88a973c99679,3.13.14
duplicate_replay,sort_group_comparator,10000,5501,0.05,500,500,1,2.9036,2.996443,7,b2dc5ec9e2fdbe36117d5cbdedca88a973c99679,3.13.14
duplicate_replay,set_control,10000,5501,0.05,500,500,1,2.1713,2.2065,7,b2dc5ec9e2fdbe36117d5cbdedca88a973c99679,3.13.14
null_business_key,explicit_loop_comparator,10000,5501,0.05,500,500,1,0.5751,0.577757,7,b2dc5ec9e2fdbe36117d5cbdedca88a973c99679,3.13.14
null_business_key,kit_control,10000,5501,0.05,500,500,1,0.6673,0.668971,7,b2dc5ec9e2fdbe36117d5cbdedca88a973c99679,3.13.14
partial_recovery,append_replay_comparator,10000,5501,0.05,6000,6000,0,0.0145,0.024657,7,b2dc5ec9e2fdbe36117d5cbdedca88a973c99679,3.13.14
partial_recovery,idempotent_replay_control,10000,5501,0.05,6000,6000,1,2.2827,2.214629,7,b2dc5ec9e2fdbe36117d5cbdedca88a973c99679,3.13.14
bounded_recovery,predicate_comparator,10000,5501,0.05,5000,5000,1,0.8788,0.886514,7,b2dc5ec9e2fdbe36117d5cbdedca88a973c99679,3.13.14
bounded_recovery,kit_control,10000,5501,0.05,5000,5000,1,0.8612,0.870114,7,b2dc5ec9e2fdbe36117d5cbdedca88a973c99679,3.13.14
duplicate_replay,sort_group_comparator,10000,5501,0.1,1000,1000,1,3.0119,3.215671,7,b2dc5ec9e2fdbe36117d5cbdedca88a973c99679,3.13.14
duplicate_replay,set_control,10000,5501,0.1,1000,1000,1,2.6424,2.502443,7,b2dc5ec9e2fdbe36117d5cbdedca88a973c99679,3.13.14
null_business_key,explicit_loop_comparator,10000,5501,0.1,1000,1000,1,0.5709,0.578186,7,b2dc5ec9e2fdbe36117d5cbdedca88a973c99679,3.13.14
null_business_key,kit_control,10000,5501,0.1,1000,1000,1,0.6763,0.676729,7,b2dc5ec9e2fdbe36117d5cbdedca88a973c99679,3.13.14
partial_recovery,append_replay_comparator,10000,5501,0.1,6000,6000,0,0.0143,0.022243,7,b2dc5ec9e2fdbe36117d5cbdedca88a973c99679,3.13.14
partial_recovery,idempotent_replay_control,10000,5501,0.1,6000,6000,1,2.1613,2.160486,7,b2dc5ec9e2fdbe36117d5cbdedca88a973c99679,3.13.14
bounded_recovery,predicate_comparator,10000,5501,0.1,5000,5000,1,0.8663,0.875557,7,b2dc5ec9e2fdbe36117d5cbdedca88a973c99679,3.13.14
bounded_recovery,kit_control,10000,5501,0.1,5000,5000,1,0.8507,0.853857,7,b2dc5ec9e2fdbe36117d5cbdedca88a973c99679,3.13.14
duplicate_replay,sort_group_comparator,100000,1103,0.001,100,100,1,69.7494,70.276557,7,b2dc5ec9e2fdbe36117d5cbdedca88a973c99679,3.13.14
duplicate_replay,set_control,100000,1103,0.001,100,100,1,57.6014,57.3778,7,b2dc5ec9e2fdbe36117d5cbdedca88a973c99679,3.13.14
null_business_key,explicit_loop_comparator,100000,1103,0.001,100,100,1,7.0841,7.132843,7,b2dc5ec9e2fdbe36117d5cbdedca88a973c99679,3.13.14
null_business_key,kit_control,100000,1103,0.001,100,100,1,7.5431,7.4648,7,b2dc5ec9e2fdbe36117d5cbdedca88a973c99679,3.13.14
partial_recovery,append_replay_comparator,100000,1103,0.001,60000,60000,0,0.8226,0.9552,7,b2dc5ec9e2fdbe36117d5cbdedca88a973c99679,3.13.14
partial_recovery,idempotent_replay_control,100000,1103,0.001,60000,60000,1,36.8496,37.051886,7,b2dc5ec9e2fdbe36117d5cbdedca88a973c99679,3.13.14
bounded_recovery,predicate_comparator,100000,1103,0.001,50000,50000,1,11.2724,11.026929,7,b2dc5ec9e2fdbe36117d5cbdedca88a973c99679,3.13.14
bounded_recovery,kit_control,100000,1103,0.001,50000,50000,1,10.5055,10.836371,7,b2dc5ec9e2fdbe36117d5cbdedca88a973c99679,3.13.14
duplicate_replay,sort_group_comparator,100000,1103,0.01,1000,1000,1,70.8785,70.965329,7,b2dc5ec9e2fdbe36117d5cbdedca88a973c99679,3.13.14
duplicate_replay,set_control,100000,1103,0.01,1000,1000,1,56.928,57.711786,7,b2dc5ec9e2fdbe36117d5cbdedca88a973c99679,3.13.14
null_business_key,explicit_loop_comparator,100000,1103,0.01,1000,1000,1,6.5348,6.534257,7,b2dc5ec9e2fdbe36117d5cbdedca88a973c99679,3.13.14
null_business_key,kit_control,100000,1103,0.01,1000,1000,1,7.0149,7.004557,7,b2dc5ec9e2fdbe36117d5cbdedca88a973c99679,3.13.14
partial_recovery,append_replay_comparator,100000,1103,0.01,60000,60000,0,0.4983,0.550271,7,b2dc5ec9e2fdbe36117d5cbdedca88a973c99679,3.13.14
partial_recovery,idempotent_replay_control,100000,1103,0.01,60000,60000,1,34.5677,35.027843,7,b2dc5ec9e2fdbe36117d5cbdedca88a973c99679,3.13.14
bounded_recovery,predicate_comparator,100000,1103,0.01,50000,50000,1,10.4607,10.968071,7,b2dc5ec9e2fdbe36117d5cbdedca88a973c99679,3.13.14
bounded_recovery,kit_control,100000,1103,0.01,50000,50000,1,10.3487,10.877457,7,b2dc5ec9e2fdbe36117d5cbdedca88a973c99679,3.13.14
duplicate_replay,sort_group_comparator,100000,1103,0.05,5000,5000,1,77.8781,77.909286,7,b2dc5ec9e2fdbe36117d5cbdedca88a973c99679,3.13.14
duplicate_replay,set_control,100000,1103,0.05,5000,5000,1,64.7541,65.634514,7,b2dc5ec9e2fdbe36117d5cbdedca88a973c99679,3.13.14
null_business_key,explicit_loop_comparator,100000,1103,0.05,5000,5000,1,6.7843,6.728657,7,b2dc5ec9e2fdbe36117d5cbdedca88a973c99679,3.13.14
null_business_key,kit_control,100000,1103,0.05,5000,5000,1,7.391,7.453357,7,b2dc5ec9e2fdbe36117d5cbdedca88a973c99679,3.13.14
partial_recovery,append_replay_comparator,100000,1103,0.05,60000,60000,0,0.6325,0.618257,7,b2dc5ec9e2fdbe36117d5cbdedca88a973c99679,3.13.14
partial_recovery,idempotent_replay_control,100000,1103,0.05,60000,60000,1,37.2045,38.105529,7,b2dc5ec9e2fdbe36117d5cbdedca88a973c99679,3.13.14
bounded_recovery,predicate_comparator,100000,1103,0.05,50000,50000,1,11.0995,11.329186,7,b2dc5ec9e2fdbe36117d5cbdedca88a973c99679,3.13.14
bounded_recovery,kit_control,100000,1103,0.05,50000,50000,1,11.137,11.220557,7,b2dc5ec9e2fdbe36117d5cbdedca88a973c99679,3.13.14
duplicate_replay,sort_group_comparator,100000,1103,0.1,10000,10000,1,80.1024,81.281643,7,b2dc5ec9e2fdbe36117d5cbdedca88a973c99679,3.13.14
duplicate_replay,set_control,100000,1103,0.1,10000,10000,1,65.267,66.163371,7,b2dc5ec9e2fdbe36117d5cbdedca88a973c99679,3.13.14
null_business_key,explicit_loop_comparator,100000,1103,0.1,10000,10000,1,6.6451,6.625643,7,b2dc5ec9e2fdbe36117d5cbdedca88a973c99679,3.13.14
null_business_key,kit_control,100000,1103,0.1,10000,10000,1,7.1895,7.233057,7,b2dc5ec9e2fdbe36117d5cbdedca88a973c99679,3.13.14
partial_recovery,append_replay_comparator,100000,1103,0.1,60000,60000,0,0.5479,0.571543,7,b2dc5ec9e2fdbe36117d5cbdedca88a973c99679,3.13.14
partial_recovery,idempotent_replay_control,100000,1103,0.1,60000,60000,1,39.5507,40.626714,7,b2dc5ec9e2fdbe36117d5cbdedca88a973c99679,3.13.14
bounded_recovery,predicate_comparator,100000,1103,0.1,50000,50000,1,11.3019,11.580343,7,b2dc5ec9e2fdbe36117d5cbdedca88a973c99679,3.13.14
bounded_recovery,kit_control,100000,1103,0.1,50000,50000,1,10.8533,11.368786,7,b2dc5ec9e2fdbe36117d5cbdedca88a973c99679,3.13.14
duplicate_replay,sort_group_comparator,100000,2207,0.001,100,100,1,74.6104,73.993357,7,b2dc5ec9e2fdbe36117d5cbdedca88a973c99679,3.13.14
duplicate_replay,set_control,100000,2207,0.001,100,100,1,61.6719,62.851443,7,b2dc5ec9e2fdbe36117d5cbdedca88a973c99679,3.13.14
null_business_key,explicit_loop_comparator,100000,2207,0.001,100,100,1,6.6808,6.716471,7,b2dc5ec9e2fdbe36117d5cbdedca88a973c99679,3.13.14
null_business_key,kit_control,100000,2207,0.001,100,100,1,7.146,7.349929,7,b2dc5ec9e2fdbe36117d5cbdedca88a973c99679,3.13.14
partial_recovery,append_replay_comparator,100000,2207,0.001,60000,60000,0,0.5818,0.607314,7,b2dc5ec9e2fdbe36117d5cbdedca88a973c99679,3.13.14
partial_recovery,idempotent_replay_control,100000,2207,0.001,60000,60000,1,35.9889,36.299414,7,b2dc5ec9e2fdbe36117d5cbdedca88a973c99679,3.13.14
bounded_recovery,predicate_comparator,100000,2207,0.001,50000,50000,1,11.6375,11.403129,7,b2dc5ec9e2fdbe36117d5cbdedca88a973c99679,3.13.14
bounded_recovery,kit_control,100000,2207,0.001,50000,50000,1,10.9835,11.064829,7,b2dc5ec9e2fdbe36117d5cbdedca88a973c99679,3.13.14
duplicate_replay,sort_group_comparator,100000,2207,0.01,1000,1000,1,73.6551,73.850929,7,b2dc5ec9e2fdbe36117d5cbdedca88a973c99679,3.13.14
duplicate_replay,set_control,100000,2207,0.01,1000,1000,1,58.7883,59.359343,7,b2dc5ec9e2fdbe36117d5cbdedca88a973c99679,3.13.14
null_business_key,explicit_loop_comparator,100000,2207,0.01,1000,1000,1,6.6179,6.5859,7,b2dc5ec9e2fdbe36117d5cbdedca88a973c99679,3.13.14
null_business_key,kit_control,100000,2207,0.01,1000,1000,1,7.2221,7.213543,7,b2dc5ec9e2fdbe36117d5cbdedca88a973c99679,3.13.14
partial_recovery,append_replay_comparator,100000,2207,0.01,60000,60000,0,0.5701,0.685757,7,b2dc5ec9e2fdbe36117d5cbdedca88a973c99679,3.13.14
partial_recovery,idempotent_replay_control,100000,2207,0.01,60000,60000,1,36.3358,36.5485,7,b2dc5ec9e2fdbe36117d5cbdedca88a973c99679,3.13.14
bounded_recovery,predicate_comparator,100000,2207,0.01,50000,50000,1,11.3076,11.456086,7,b2dc5ec9e2fdbe36117d5cbdedca88a973c99679,3.13.14
bounded_recovery,kit_control,100000,2207,0.01,50000,50000,1,11.2082,11.095314,7,b2dc5ec9e2fdbe36117d5cbdedca88a973c99679,3.13.14
duplicate_replay,sort_group_comparator,100000,2207,0.05,5000,5000,1,81.5305,81.682671,7,b2dc5ec9e2fdbe36117d5cbdedca88a973c99679,3.13.14
duplicate_replay,set_control,100000,2207,0.05,5000,5000,1,63.068,63.414471,7,b2dc5ec9e2fdbe36117d5cbdedca88a973c99679,3.13.14
null_business_key,explicit_loop_comparator,100000,2207,0.05,5000,5000,1,6.6528,6.814486,7,b2dc5ec9e2fdbe36117d5cbdedca88a973c99679,3.13.14
null_business_key,kit_control,100000,2207,0.05,5000,5000,1,7.381,7.435743,7,b2dc5ec9e2fdbe36117d5cbdedca88a973c99679,3.13.14
partial_recovery,append_replay_comparator,100000,2207,0.05,60000,60000,0,0.5647,0.603371,7,b2dc5ec9e2fdbe36117d5cbdedca88a973c99679,3.13.14
partial_recovery,idempotent_replay_control,100000,2207,0.05,60000,60000,1,36.4503,37.4927,7,b2dc5ec9e2fdbe36117d5cbdedca88a973c99679,3.13.14
bounded_recovery,predicate_comparator,100000,2207,0.05,50000,50000,1,11.4179,11.345671,7,b2dc5ec9e2fdbe36117d5cbdedca88a973c99679,3.13.14
bounded_recovery,kit_control,100000,2207,0.05,50000,50000,1,10.931,10.996857,7,b2dc5ec9e2fdbe36117d5cbdedca88a973c99679,3.13.14
duplicate_replay,sort_group_comparator,100000,2207,0.1,10000,10000,1,87.3611,88.486971,7,b2dc5ec9e2fdbe36117d5cbdedca88a973c99679,3.13.14
duplicate_replay,set_control,100000,2207,0.1,10000,10000,1,73.296,78.621371,7,b2dc5ec9e2fdbe36117d5cbdedca88a973c99679,3.13.14
null_business_key,explicit_loop_comparator,100000,2207,0.1,10000,10000,1,8.1126,8.953743,7,b2dc5ec9e2fdbe36117d5cbdedca88a973c99679,3.13.14
null_business_key,kit_control,100000,2207,0.1,10000,10000,1,7.7947,7.912571,7,b2dc5ec9e2fdbe36117d5cbdedca88a973c99679,3.13.14
partial_recovery,append_replay_comparator,100000,2207,0.1,60000,60000,0,0.5983,0.6252,7,b2dc5ec9e2fdbe36117d5cbdedca88a973c99679,3.13.14
partial_recovery,idempotent_replay_control,100000,2207,0.1,60000,60000,1,50.8622,50.893157,7,b2dc5ec9e2fdbe36117d5cbdedca88a973c99679,3.13.14
bounded_recovery,predicate_comparator,100000,2207,0.1,50000,50000,1,14.95,15.646986,7,b2dc5ec9e2fdbe36117d5cbdedca88a973c99679,3.13.14
bounded_recovery,kit_control,100000,2207,0.1,50000,50000,1,12.3766,12.895929,7,b2dc5ec9e2fdbe36117d5cbdedca88a973c99679,3.13.14
duplicate_replay,sort_group_comparator,100000,3301,0.001,100,100,1,70.6118,71.747514,7,b2dc5ec9e2fdbe36117d5cbdedca88a973c99679,3.13.14
duplicate_replay,set_control,100000,3301,0.001,100,100,1,56.7764,58.236257,7,b2dc5ec9e2fdbe36117d5cbdedca88a973c99679,3.13.14
null_business_key,explicit_loop_comparator,100000,3301,0.001,100,100,1,6.5105,6.625171,7,b2dc5ec9e2fdbe36117d5cbdedca88a973c99679,3.13.14
null_business_key,kit_control,100000,3301,0.001,100,100,1,6.9712,7.267986,7,b2dc5ec9e2fdbe36117d5cbdedca88a973c99679,3.13.14
partial_recovery,append_replay_comparator,100000,3301,0.001,60000,60000,0,0.5175,0.556186,7,b2dc5ec9e2fdbe36117d5cbdedca88a973c99679,3.13.14
partial_recovery,idempotent_replay_control,100000,3301,0.001,60000,60000,1,33.6925,33.893171,7,b2dc5ec9e2fdbe36117d5cbdedca88a973c99679,3.13.14
bounded_recovery,predicate_comparator,100000,3301,0.001,50000,50000,1,10.9401,11.047014,7,b2dc5ec9e2fdbe36117d5cbdedca88a973c99679,3.13.14
bounded_recovery,kit_control,100000,3301,0.001,50000,50000,1,10.7863,10.953357,7,b2dc5ec9e2fdbe36117d5cbdedca88a973c99679,3.13.14
duplicate_replay,sort_group_comparator,100000,3301,0.01,1000,1000,1,65.9347,65.804471,7,b2dc5ec9e2fdbe36117d5cbdedca88a973c99679,3.13.14
duplicate_replay,set_control,100000,3301,0.01,1000,1000,1,55.1205,54.884671,7,b2dc5ec9e2fdbe36117d5cbdedca88a973c99679,3.13.14
null_business_key,explicit_loop_comparator,100000,3301,0.01,1000,1000,1,6.4883,6.466,7,b2dc5ec9e2fdbe36117d5cbdedca88a973c99679,3.13.14
null_business_key,kit_control,100000,3301,0.01,1000,1000,1,6.925,6.9487,7,b2dc5ec9e2fdbe36117d5cbdedca88a973c99679,3.13.14
partial_recovery,append_replay_comparator,100000,3301,0.01,60000,60000,0,0.5417,0.566729,7,b2dc5ec9e2fdbe36117d5cbdedca88a973c99679,3.13.14
partial_recovery,idempotent_replay_control,100000,3301,0.01,60000,60000,1,34.2651,34.5315,7,b2dc5ec9e2fdbe36117d5cbdedca88a973c99679,3.13.14
bounded_recovery,predicate_comparator,100000,3301,0.01,50000,50000,1,11.4603,11.208914,7,b2dc5ec9e2fdbe36117d5cbdedca88a973c99679,3.13.14
bounded_recovery,kit_control,100000,3301,0.01,50000,50000,1,10.9676,10.916471,7,b2dc5ec9e2fdbe36117d5cbdedca88a973c99679,3.13.14
duplicate_replay,sort_group_comparator,100000,3301,0.05,5000,5000,1,68.5541,69.780843,7,b2dc5ec9e2fdbe36117d5cbdedca88a973c99679,3.13.14
duplicate_replay,set_control,100000,3301,0.05,5000,5000,1,56.3148,55.699643,7,b2dc5ec9e2fdbe36117d5cbdedca88a973c99679,3.13.14
null_business_key,explicit_loop_comparator,100000,3301,0.05,5000,5000,1,6.5901,6.674614,7,b2dc5ec9e2fdbe36117d5cbdedca88a973c99679,3.13.14
null_business_key,kit_control,100000,3301,0.05,5000,5000,1,6.9725,7.055943,7,b2dc5ec9e2fdbe36117d5cbdedca88a973c99679,3.13.14
partial_recovery,append_replay_comparator,100000,3301,0.05,60000,60000,0,0.5217,0.544371,7,b2dc5ec9e2fdbe36117d5cbdedca88a973c99679,3.13.14
partial_recovery,idempotent_replay_control,100000,3301,0.05,60000,60000,1,35.8837,36.356786,7,b2dc5ec9e2fdbe36117d5cbdedca88a973c99679,3.13.14
bounded_recovery,predicate_comparator,100000,3301,0.05,50000,50000,1,11.351,11.153757,7,b2dc5ec9e2fdbe36117d5cbdedca88a973c99679,3.13.14
bounded_recovery,kit_control,100000,3301,0.05,50000,50000,1,10.5156,10.897343,7,b2dc5ec9e2fdbe36117d5cbdedca88a973c99679,3.13.14
duplicate_replay,sort_group_comparator,100000,3301,0.1,10000,10000,1,74.3368,75.293843,7,b2dc5ec9e2fdbe36117d5cbdedca88a973c99679,3.13.14
duplicate_replay,set_control,100000,3301,0.1,10000,10000,1,60.8152,60.823529,7,b2dc5ec9e2fdbe36117d5cbdedca88a973c99679,3.13.14
null_business_key,explicit_loop_comparator,100000,3301,0.1,10000,10000,1,6.772,7.019657,7,b2dc5ec9e2fdbe36117d5cbdedca88a973c99679,3.13.14
null_business_key,kit_control,100000,3301,0.1,10000,10000,1,7.2139,7.198329,7,b2dc5ec9e2fdbe36117d5cbdedca88a973c99679,3.13.14
partial_recovery,append_replay_comparator,100000,3301,0.1,60000,60000,0,0.5281,0.5606,7,b2dc5ec9e2fdbe36117d5cbdedca88a973c99679,3.13.14
partial_recovery,idempotent_replay_control,100000,3301,0.1,60000,60000,1,34.5013,36.741414,7,b2dc5ec9e2fdbe36117d5cbdedca88a973c99679,3.13.14
bounded_recovery,predicate_comparator,100000,3301,0.1,50000,50000,1,11.1046,11.147814,7,b2dc5ec9e2fdbe36117d5cbdedca88a973c99679,3.13.14
bounded_recovery,kit_control,100000,3301,0.1,50000,50000,1,11.0216,10.738857,7,b2dc5ec9e2fdbe36117d5cbdedca88a973c99679,3.13.14
duplicate_replay,sort_group_comparator,100000,4409,0.001,100,100,1,64.3922,64.463243,7,b2dc5ec9e2fdbe36117d5cbdedca88a973c99679,3.13.14
duplicate_replay,set_control,100000,4409,0.001,100,100,1,52.0914,52.554343,7,b2dc5ec9e2fdbe36117d5cbdedca88a973c99679,3.13.14
null_business_key,explicit_loop_comparator,100000,4409,0.001,100,100,1,6.4181,6.423929,7,b2dc5ec9e2fdbe36117d5cbdedca88a973c99679,3.13.14
null_business_key,kit_control,100000,4409,0.001,100,100,1,7.0154,7.074186,7,b2dc5ec9e2fdbe36117d5cbdedca88a973c99679,3.13.14
partial_recovery,append_replay_comparator,100000,4409,0.001,60000,60000,0,0.5654,0.598729,7,b2dc5ec9e2fdbe36117d5cbdedca88a973c99679,3.13.14
partial_recovery,idempotent_replay_control,100000,4409,0.001,60000,60000,1,33.2434,34.1898,7,b2dc5ec9e2fdbe36117d5cbdedca88a973c99679,3.13.14
bounded_recovery,predicate_comparator,100000,4409,0.001,50000,50000,1,11.6284,11.519629,7,b2dc5ec9e2fdbe36117d5cbdedca88a973c99679,3.13.14
bounded_recovery,kit_control,100000,4409,0.001,50000,50000,1,10.9689,10.945643,7,b2dc5ec9e2fdbe36117d5cbdedca88a973c99679,3.13.14
duplicate_replay,sort_group_comparator,100000,4409,0.01,1000,1000,1,67.4697,68.3172,7,b2dc5ec9e2fdbe36117d5cbdedca88a973c99679,3.13.14
duplicate_replay,set_control,100000,4409,0.01,1000,1000,1,52.6618,52.986657,7,b2dc5ec9e2fdbe36117d5cbdedca88a973c99679,3.13.14
null_business_key,explicit_loop_comparator,100000,4409,0.01,1000,1000,1,6.5041,6.4659,7,b2dc5ec9e2fdbe36117d5cbdedca88a973c99679,3.13.14
null_business_key,kit_control,100000,4409,0.01,1000,1000,1,6.9243,7.022514,7,b2dc5ec9e2fdbe36117d5cbdedca88a973c99679,3.13.14
partial_recovery,append_replay_comparator,100000,4409,0.01,60000,60000,0,0.4483,0.456371,7,b2dc5ec9e2fdbe36117d5cbdedca88a973c99679,3.13.14
partial_recovery,idempotent_replay_control,100000,4409,0.01,60000,60000,1,33.3165,34.2181,7,b2dc5ec9e2fdbe36117d5cbdedca88a973c99679,3.13.14
bounded_recovery,predicate_comparator,100000,4409,0.01,50000,50000,1,11.2554,11.201129,7,b2dc5ec9e2fdbe36117d5cbdedca88a973c99679,3.13.14
bounded_recovery,kit_control,100000,4409,0.01,50000,50000,1,10.8305,10.800171,7,b2dc5ec9e2fdbe36117d5cbdedca88a973c99679,3.13.14
duplicate_replay,sort_group_comparator,100000,4409,0.05,5000,5000,1,71.1913,71.041614,7,b2dc5ec9e2fdbe36117d5cbdedca88a973c99679,3.13.14
duplicate_replay,set_control,100000,4409,0.05,5000,5000,1,55.0599,55.201586,7,b2dc5ec9e2fdbe36117d5cbdedca88a973c99679,3.13.14
null_business_key,explicit_loop_comparator,100000,4409,0.05,5000,5000,1,6.566,6.568657,7,b2dc5ec9e2fdbe36117d5cbdedca88a973c99679,3.13.14
null_business_key,kit_control,100000,4409,0.05,5000,5000,1,7.0062,7.103786,7,b2dc5ec9e2fdbe36117d5cbdedca88a973c99679,3.13.14
partial_recovery,append_replay_comparator,100000,4409,0.05,60000,60000,0,0.5227,0.562471,7,b2dc5ec9e2fdbe36117d5cbdedca88a973c99679,3.13.14
partial_recovery,idempotent_replay_control,100000,4409,0.05,60000,60000,1,34.5268,34.554257,7,b2dc5ec9e2fdbe36117d5cbdedca88a973c99679,3.13.14
bounded_recovery,predicate_comparator,100000,4409,0.05,50000,50000,1,11.0524,11.021129,7,b2dc5ec9e2fdbe36117d5cbdedca88a973c99679,3.13.14
bounded_recovery,kit_control,100000,4409,0.05,50000,50000,1,10.6388,10.857871,7,b2dc5ec9e2fdbe36117d5cbdedca88a973c99679,3.13.14
duplicate_replay,sort_group_comparator,100000,4409,0.1,10000,10000,1,75.2415,75.794614,7,b2dc5ec9e2fdbe36117d5cbdedca88a973c99679,3.13.14
duplicate_replay,set_control,100000,4409,0.1,10000,10000,1,56.2616,57.019414,7,b2dc5ec9e2fdbe36117d5cbdedca88a973c99679,3.13.14
null_business_key,explicit_loop_comparator,100000,4409,0.1,10000,10000,1,6.6504,6.719557,7,b2dc5ec9e2fdbe36117d5cbdedca88a973c99679,3.13.14
null_business_key,kit_control,100000,4409,0.1,10000,10000,1,7.0561,7.019686,7,b2dc5ec9e2fdbe36117d5cbdedca88a973c99679,3.13.14
partial_recovery,append_replay_comparator,100000,4409,0.1,60000,60000,0,0.5342,0.5645,7,b2dc5ec9e2fdbe36117d5cbdedca88a973c99679,3.13.14
partial_recovery,idempotent_replay_control,100000,4409,0.1,60000,60000,1,34.2029,34.984443,7,b2dc5ec9e2fdbe36117d5cbdedca88a973c99679,3.13.14
bounded_recovery,predicate_comparator,100000,4409,0.1,50000,50000,1,10.7322,10.888386,7,b2dc5ec9e2fdbe36117d5cbdedca88a973c99679,3.13.14
bounded_recovery,kit_control,100000,4409,0.1,50000,50000,1,10.8756,10.818543,7,b2dc5ec9e2fdbe36117d5cbdedca88a973c99679,3.13.14
duplicate_replay,sort_group_comparator,100000,5501,0.001,100,100,1,67.3761,70.351714,7,b2dc5ec9e2fdbe36117d5cbdedca88a973c99679,3.13.14
duplicate_replay,set_control,100000,5501,0.001,100,100,1,53.526,55.319114,7,b2dc5ec9e2fdbe36117d5cbdedca88a973c99679,3.13.14
null_business_key,explicit_loop_comparator,100000,5501,0.001,100,100,1,6.9077,6.895857,7,b2dc5ec9e2fdbe36117d5cbdedca88a973c99679,3.13.14
null_business_key,kit_control,100000,5501,0.001,100,100,1,7.3897,7.726386,7,b2dc5ec9e2fdbe36117d5cbdedca88a973c99679,3.13.14
partial_recovery,append_replay_comparator,100000,5501,0.001,60000,60000,0,0.5554,0.687243,7,b2dc5ec9e2fdbe36117d5cbdedca88a973c99679,3.13.14
partial_recovery,idempotent_replay_control,100000,5501,0.001,60000,60000,1,33.907,33.697686,7,b2dc5ec9e2fdbe36117d5cbdedca88a973c99679,3.13.14
bounded_recovery,predicate_comparator,100000,5501,0.001,50000,50000,1,11.1997,11.218829,7,b2dc5ec9e2fdbe36117d5cbdedca88a973c99679,3.13.14
bounded_recovery,kit_control,100000,5501,0.001,50000,50000,1,10.7251,10.938786,7,b2dc5ec9e2fdbe36117d5cbdedca88a973c99679,3.13.14
duplicate_replay,sort_group_comparator,100000,5501,0.01,1000,1000,1,67.406,68.726086,7,b2dc5ec9e2fdbe36117d5cbdedca88a973c99679,3.13.14
duplicate_replay,set_control,100000,5501,0.01,1000,1000,1,53.5592,54.772257,7,b2dc5ec9e2fdbe36117d5cbdedca88a973c99679,3.13.14
null_business_key,explicit_loop_comparator,100000,5501,0.01,1000,1000,1,6.5012,6.640314,7,b2dc5ec9e2fdbe36117d5cbdedca88a973c99679,3.13.14
null_business_key,kit_control,100000,5501,0.01,1000,1000,1,6.9551,6.955571,7,b2dc5ec9e2fdbe36117d5cbdedca88a973c99679,3.13.14
partial_recovery,append_replay_comparator,100000,5501,0.01,60000,60000,0,0.5447,0.584329,7,b2dc5ec9e2fdbe36117d5cbdedca88a973c99679,3.13.14
partial_recovery,idempotent_replay_control,100000,5501,0.01,60000,60000,1,35.2008,34.851314,7,b2dc5ec9e2fdbe36117d5cbdedca88a973c99679,3.13.14
bounded_recovery,predicate_comparator,100000,5501,0.01,50000,50000,1,11.1272,11.008286,7,b2dc5ec9e2fdbe36117d5cbdedca88a973c99679,3.13.14
bounded_recovery,kit_control,100000,5501,0.01,50000,50000,1,10.3094,10.543743,7,b2dc5ec9e2fdbe36117d5cbdedca88a973c99679,3.13.14
duplicate_replay,sort_group_comparator,100000,5501,0.05,5000,5000,1,69.7389,69.686471,7,b2dc5ec9e2fdbe36117d5cbdedca88a973c99679,3.13.14
duplicate_replay,set_control,100000,5501,0.05,5000,5000,1,53.32,54.221214,7,b2dc5ec9e2fdbe36117d5cbdedca88a973c99679,3.13.14
null_business_key,explicit_loop_comparator,100000,5501,0.05,5000,5000,1,6.6243,6.628429,7,b2dc5ec9e2fdbe36117d5cbdedca88a973c99679,3.13.14
null_business_key,kit_control,100000,5501,0.05,5000,5000,1,7.0885,7.0812,7,b2dc5ec9e2fdbe36117d5cbdedca88a973c99679,3.13.14
partial_recovery,append_replay_comparator,100000,5501,0.05,60000,60000,0,0.5472,0.565571,7,b2dc5ec9e2fdbe36117d5cbdedca88a973c99679,3.13.14
partial_recovery,idempotent_replay_control,100000,5501,0.05,60000,60000,1,32.9549,33.258714,7,b2dc5ec9e2fdbe36117d5cbdedca88a973c99679,3.13.14
bounded_recovery,predicate_comparator,100000,5501,0.05,50000,50000,1,10.908,10.847286,7,b2dc5ec9e2fdbe36117d5cbdedca88a973c99679,3.13.14
bounded_recovery,kit_control,100000,5501,0.05,50000,50000,1,10.2346,10.612043,7,b2dc5ec9e2fdbe36117d5cbdedca88a973c99679,3.13.14
duplicate_replay,sort_group_comparator,100000,5501,0.1,10000,10000,1,73.2992,73.566443,7,b2dc5ec9e2fdbe36117d5cbdedca88a973c99679,3.13.14
duplicate_replay,set_control,100000,5501,0.1,10000,10000,1,55.4526,56.467529,7,b2dc5ec9e2fdbe36117d5cbdedca88a973c99679,3.13.14
null_business_key,explicit_loop_comparator,100000,5501,0.1,10000,10000,1,7.0894,7.086671,7,b2dc5ec9e2fdbe36117d5cbdedca88a973c99679,3.13.14
null_business_key,kit_control,100000,5501,0.1,10000,10000,1,7.3917,7.535,7,b2dc5ec9e2fdbe36117d5cbdedca88a973c99679,3.13.14
partial_recovery,append_replay_comparator,100000,5501,0.1,60000,60000,0,0.4995,0.507014,7,b2dc5ec9e2fdbe36117d5cbdedca88a973c99679,3.13.14
partial_recovery,idempotent_replay_control,100000,5501,0.1,60000,60000,1,32.8171,33.155286,7,b2dc5ec9e2fdbe36117d5cbdedca88a973c99679,3.13.14
bounded_recovery,predicate_comparator,100000,5501,0.1,50000,50000,1,10.4728,10.846529,7,b2dc5ec9e2fdbe36117d5cbdedca88a973c99679,3.13.14
bounded_recovery,kit_control,100000,5501,0.1,50000,50000,1,10.6353,11.004057,7,b2dc5ec9e2fdbe36117d5cbdedca88a973c99679,3.13.14
